<lifecycles>
	<lifecycle>
		<id>jasmine-lifecycle</id>
		<phases>
			<phase>
				<id>process-resources</id>
				<executions>
					<execution>
						<goals>
							<goal>resources</goal>
						</goals>
					</execution>
				</executions>
			</phase>
			<phase>
				<id>generate-sources</id>
				<executions>
					<execution>
						<goals>
							<goal>generateManualRunner</goal>
						</goals>
					</execution>
				</executions>
			</phase>
			<phase>
				<id>process-test-resources</id>
				<executions>
					<execution>
						<goals>
							<goal>testResources</goal>
						</goals>
					</execution>
				</executions>
			</phase>
			<phase>
				<id>test</id>
				<executions>
					<execution>
						<goals>
							<goal>test</goal>
						</goals>
					</execution>
				</executions>
			</phase>
		</phases>
	</lifecycle>
</lifecycles>